{"cameraMode":{"drawMode":0,"name":"Shaded","section":"Shading Mode"},"sceneLighting":true,"audioPlay":false,"sceneViewState":{"showFog":false,"showMaterialUpdate":true,"showSkybox":true,"showFlares":true,"showImageEffects":true,"showParticleSystems":true},"in2DMode":false,"pivot":{"x":-0.8001632690429688,"y":0.7701512575149536,"z":-0.15542864799499513},"rotation":{"x":-0.051917802542448047,"y":0.7457432150840759,"z":-0.058518558740615848,"w":-0.6616248488426209},"size":3.6114697456359865,"orthographic":false}