{"cameraMode":{"drawMode":0,"name":"Shaded","section":"Shading Mode"},"sceneLighting":true,"audioPlay":false,"sceneViewState":{"showFog":false,"showMaterialUpdate":true,"showSkybox":true,"showFlares":true,"showImageEffects":true,"showParticleSystems":true},"in2DMode":false,"pivot":{"x":0.8139139413833618,"y":0.6471304297447205,"z":-2.1169958114624025},"rotation":{"x":0.006506497040390968,"y":-0.9879563450813294,"z":0.04330970719456673,"w":0.14841236174106599},"size":3.6114697456359865,"orthographic":false}